{
            "TransactionType": "Pay Bill",
            "TransID": "RKS6L3TJ0Y",
            "TransTime": "20231128132818",
            "TransAmount": "1.00",
            "BusinessShortCode": "4118403",
            "BillRefNumber": "ax",
            "InvoiceNumber": "",
            "OrgAccountBalance": "5003.00",
            "ThirdPartyTransID": "RKS6L3TJ0Y",
            "MSISDN": "2547 ***** 349",
            "FirstName": "Richard"
        }
        {
            "TransactionType": "Pay Bill",
            "TransID": "RKS5MYZCVL",
            "TransTime": "20231128213917",
            "TransAmount": "1.00",
            "BusinessShortCode": "4118403",
            "BillRefNumber": "ax",
            "InvoiceNumber": "",
            "OrgAccountBalance": "5004.00",
            "ThirdPartyTransID": "RKS5MYZCVL",
            "MSISDN": "2547 ***** 349",
            "FirstName": "Richard"
        }
        {
            "TransactionType": "Pay Bill",
            "TransID": "RKS6MZKTR8",
            "TransTime": "20231128214522",
            "TransAmount": "1.00",
            "BusinessShortCode": "4118403",
            "BillRefNumber": "ax",
            "InvoiceNumber": "",
            "OrgAccountBalance": "5005.00",
            "ThirdPartyTransID": "RKS6MZKTR8",
            "MSISDN": "2547 ***** 349",
            "FirstName": "Richard"
        }
        {
            "TransactionType": "Pay Bill",
            "TransID": "RKS4MZS4CI",
            "TransTime": "20231128214735",
            "TransAmount": "1.00",
            "BusinessShortCode": "4118403",
            "BillRefNumber": "ax",
            "InvoiceNumber": "",
            "OrgAccountBalance": "5006.00",
            "ThirdPartyTransID": "1234567890",
            "MSISDN": "2547 ***** 349",
            "FirstName": "Richard"
        }
        {
            "TransactionType": "Pay Bill",
            "TransID": "RKS5N2GW0R",
            "TransTime": "20231128222021",
            "TransAmount": "1.00",
            "BusinessShortCode": "4118403",
            "BillRefNumber": "ax",
            "InvoiceNumber": "",
            "OrgAccountBalance": "5007.00",
            "ThirdPartyTransID": "RKS5N2GW0R",
            "MSISDN": "2547 ***** 349",
            "FirstName": "Richard"
        }
        {
            "TransactionType": "Pay Bill",
            "TransID": "RKS7N4KVYF",
            "TransTime": "20231128225530",
            "TransAmount": "1.00",
            "BusinessShortCode": "4118403",
            "BillRefNumber": "ax",
            "InvoiceNumber": "",
            "OrgAccountBalance": "5008.00",
            "ThirdPartyTransID": "RKS7N4KVYF",
            "MSISDN": "2547 ***** 349",
            "FirstName": "Richard"
        }
        {
            "TransactionType": "Pay Bill",
            "TransID": "RKS0N6IMHY",
            "TransTime": "20231128234741",
            "TransAmount": "1.00",
            "BusinessShortCode": "4118403",
            "BillRefNumber": "ax",
            "InvoiceNumber": "",
            "OrgAccountBalance": "5009.00",
            "ThirdPartyTransID": "RKS0N6IMHY",
            "MSISDN": "2547 ***** 349",
            "FirstName": "Richard"
        }
        {
            "TransactionType": "Pay Bill",
            "TransID": "RKS7N6KKD5",
            "TransTime": "20231128235022",
            "TransAmount": "1.00",
            "BusinessShortCode": "4118403",
            "BillRefNumber": "ax",
            "InvoiceNumber": "",
            "OrgAccountBalance": "5010.00",
            "ThirdPartyTransID": "RKS7N6KKD5",
            "MSISDN": "2547 ***** 349",
            "FirstName": "Richard"
        }
        {
            "TransactionType": "Pay Bill",
            "TransID": "RKS0N6M8UG",
            "TransTime": "20231128235234",
            "TransAmount": "1.00",
            "BusinessShortCode": "4118403",
            "BillRefNumber": "ax",
            "InvoiceNumber": "",
            "OrgAccountBalance": "5011.00",
            "ThirdPartyTransID": "RKS0N6M8UG",
            "MSISDN": "2547 ***** 349",
            "FirstName": "Richard"
        }
        {
            "TransactionType": "Pay Bill",
            "TransID": "RKT1O12BGH",
            "TransTime": "20231129111547",
            "TransAmount": "1.00",
            "BusinessShortCode": "4118403",
            "BillRefNumber": "ax",
            "InvoiceNumber": "",
            "OrgAccountBalance": "5012.00",
            "ThirdPartyTransID": "RKT1O12BGH",
            "MSISDN": "2547 ***** 349",
            "FirstName": "Richard"
        }
        {
            "TransactionType": "Pay Bill",
            "TransID": "RKT4OGW4R6",
            "TransTime": "20231129133849",
            "TransAmount": "1.00",
            "BusinessShortCode": "4118403",
            "BillRefNumber": "KABARITA GENERAL AGENCY 1",
            "InvoiceNumber": "",
            "OrgAccountBalance": "5013.00",
            "ThirdPartyTransID": "RKT4OGW4R6",
            "MSISDN": "2547 ***** 349",
            "FirstName": "Richard"
        }
        {
            "TransactionType": "Pay Bill",
            "TransID": "RKT9Q23GYX",
            "TransTime": "20231129202424",
            "TransAmount": "1.00",
            "BusinessShortCode": "4118403",
            "BillRefNumber": "Ax",
            "InvoiceNumber": "",
            "OrgAccountBalance": "5014.00",
            "ThirdPartyTransID": "RKT9Q23GYX",
            "MSISDN": "2547 ***** 349",
            "FirstName": "Richard"
        }
        {
            "TransactionType": "Pay Bill",
            "TransID": "RKT7Q5VPLJ",
            "TransTime": "20231129205015",
            "TransAmount": "1.00",
            "BusinessShortCode": "4118403",
            "BillRefNumber": "Ax",
            "InvoiceNumber": "",
            "OrgAccountBalance": "5015.00",
            "ThirdPartyTransID": "RKT7Q5VPLJ",
            "MSISDN": "2547 ***** 349",
            "FirstName": "Richard"
        }
        {
            "TransactionType": "Pay Bill",
            "TransID": "RKU1SUQZMF",
            "TransTime": "20231130182255",
            "TransAmount": "1.00",
            "BusinessShortCode": "4118403",
            "BillRefNumber": "ax",
            "InvoiceNumber": "",
            "OrgAccountBalance": "5017.00",
            "ThirdPartyTransID": "RKU1SUQZMF",
            "MSISDN": "2547 ***** 349",
            "FirstName": "Richard"
        }
        {
            "TransactionType": "Pay Bill",
            "TransID": "RL19VLPHRD",
            "TransTime": "20231201144748",
            "TransAmount": "1.00",
            "BusinessShortCode": "4118403",
            "BillRefNumber": "Ax",
            "InvoiceNumber": "",
            "OrgAccountBalance": "5018.00",
            "ThirdPartyTransID": "RL19VLPHRD",
            "MSISDN": "2547 ***** 349",
            "FirstName": "Richard"
        }
        {
            "TransactionType": "Pay Bill",
            "TransID": "RL10W1C8DE",
            "TransTime": "20231201165453",
            "TransAmount": "1.00",
            "BusinessShortCode": "4118403",
            "BillRefNumber": "Ax",
            "InvoiceNumber": "",
            "OrgAccountBalance": "5019.00",
            "ThirdPartyTransID": "RL10W1C8DE",
            "MSISDN": "2547 ***** 349",
            "FirstName": "Richard"
        }
        {
            "TransactionType": "Pay Bill",
            "TransID": "RL25ZK3YGR",
            "TransTime": "20231202164639",
            "TransAmount": "1.00",
            "BusinessShortCode": "4118403",
            "BillRefNumber": "ax",
            "InvoiceNumber": "",
            "OrgAccountBalance": "1.00",
            "ThirdPartyTransID": "RL25ZK3YGR",
            "MSISDN": "2547 ***** 349",
            "FirstName": "Richard"
        }
        {
            "TransactionType": "Pay Bill",
            "TransID": "RL2910ACQZ",
            "TransTime": "20231202183552",
            "TransAmount": "1.00",
            "BusinessShortCode": "4118403",
            "BillRefNumber": "Ax",
            "InvoiceNumber": "",
            "OrgAccountBalance": "2.00",
            "ThirdPartyTransID": "RL2910ACQZ",
            "MSISDN": "2547 ***** 349",
            "FirstName": "Richard"
        }
        {
            "TransactionType": "Pay Bill",
            "TransID": "RL261KZT4C",
            "TransTime": "20231202203307",
            "TransAmount": "2500.00",
            "BusinessShortCode": "4118403",
            "BillRefNumber": "A7",
            "InvoiceNumber": "",
            "OrgAccountBalance": "2502.00",
            "ThirdPartyTransID": "RL261KZT4C",
            "MSISDN": "2547 ***** 436",
            "FirstName": "HANA"
        }
        {
            "TransactionType": "Pay Bill",
            "TransID": "RL302MZGAU",
            "TransTime": "20231203094625",
            "TransAmount": "1.00",
            "BusinessShortCode": "4118403",
            "BillRefNumber": "Ax",
            "InvoiceNumber": "",
            "OrgAccountBalance": "2503.00",
            "ThirdPartyTransID": "RL302MZGAU",
            "MSISDN": "2547 ***** 349",
            "FirstName": "Richard"
        }
        {
            "TransactionType": "Pay Bill",
            "TransID": "RL392O4QM1",
            "TransTime": "20231203095828",
            "TransAmount": "1.00",
            "BusinessShortCode": "4118403",
            "BillRefNumber": "Ax",
            "InvoiceNumber": "",
            "OrgAccountBalance": "2505.00",
            "ThirdPartyTransID": "RL392O4QM1",
            "MSISDN": "2547 ***** 349",
            "FirstName": "Richard"
        }
        {
            "TransactionType": "Pay Bill",
            "TransID": "RL322OR69Y",
            "TransTime": "20231203100455",
            "TransAmount": "1.00",
            "BusinessShortCode": "4118403",
            "BillRefNumber": "Ax",
            "InvoiceNumber": "",
            "OrgAccountBalance": "2506.00",
            "ThirdPartyTransID": "RL322OR69Y",
            "MSISDN": "2547 ***** 349",
            "FirstName": "Richard"
        }
        {
            "TransactionType": "Pay Bill",
            "TransID": "RL312PN8EJ",
            "TransTime": "20231203101352",
            "TransAmount": "5000.00",
            "BusinessShortCode": "4118403",
            "BillRefNumber": "5e",
            "InvoiceNumber": "",
            "OrgAccountBalance": "7506.00",
            "ThirdPartyTransID": "1234567890",
            "MSISDN": "2547 ***** 019",
            "FirstName": "JOSEPH"
        }
        {
            "TransactionType": "Pay Bill",
            "TransID": "RL382U45CA",
            "TransTime": "20231203105933",
            "TransAmount": "7000.00",
            "BusinessShortCode": "4118403",
            "BillRefNumber": "6E",
            "InvoiceNumber": "",
            "OrgAccountBalance": "14506.00",
            "ThirdPartyTransID": "RL382U45CA",
            "MSISDN": "2547 ***** 215",
            "FirstName": "Evanson"
        }
        {
            "TransactionType": "Pay Bill",
            "TransID": "RL3950KGCV",
            "TransTime": "20231203214822",
            "TransAmount": "10.00",
            "BusinessShortCode": "4118403",
            "BillRefNumber": "Ax",
            "InvoiceNumber": "",
            "OrgAccountBalance": "14516.00",
            "ThirdPartyTransID": "RL3950KGCV",
            "MSISDN": "2547 ***** 980",
            "FirstName": "Martin"
        }
        {
            "TransactionType": "Pay Bill",
            "TransID": "RL445KMGM4",
            "TransTime": "20231204083359",
            "TransAmount": "4000.00",
            "BusinessShortCode": "4118403",
            "BillRefNumber": "2C",
            "InvoiceNumber": "",
            "OrgAccountBalance": "18516.00",
            "ThirdPartyTransID": "RL445KMGM4",
            "MSISDN": "2547 ***** 623",
            "FirstName": "ONESMUS"
        }
        {
            "TransactionType": "Pay Bill",
            "TransID": "RL486O9LBC",
            "TransTime": "20231204142843",
            "TransAmount": "5000.00",
            "BusinessShortCode": "4118403",
            "BillRefNumber": "A3",
            "InvoiceNumber": "0",
            "OrgAccountBalance": "23516.00",
            "ThirdPartyTransID": "1234567890",
            "MSISDN": "2547 ***** 283",
            "FirstName": "ALFRED"
        }
        {
            "TransactionType": "Pay Bill",
            "TransID": "RL436QNQAH",
            "TransTime": "20231204144910",
            "TransAmount": "4000.00",
            "BusinessShortCode": "4118403",
            "BillRefNumber": "A4",
            "InvoiceNumber": "",
            "OrgAccountBalance": "27516.00",
            "ThirdPartyTransID": "RL436QNQAH",
            "MSISDN": "2547 ***** 083",
            "FirstName": "SUSAN"
        }
        {
            "TransactionType": "Pay Bill",
            "TransID": "RL437KLH67",
            "TransTime": "20231204183552",
            "TransAmount": "10.00",
            "BusinessShortCode": "4118403",
            "BillRefNumber": "Ax",
            "InvoiceNumber": "",
            "OrgAccountBalance": "27526.00",
            "ThirdPartyTransID": "RL437KLH67",
            "MSISDN": "2547 ***** 130",
            "FirstName": "DISMAS"
        }
        {
            "TransactionType": "Pay Bill",
            "TransID": "RL418H9TQR",
            "TransTime": "20231204221723",
            "TransAmount": "6500.00",
            "BusinessShortCode": "4118403",
            "BillRefNumber": "D7",
            "InvoiceNumber": "",
            "OrgAccountBalance": "6500.00",
            "ThirdPartyTransID": "RL418H9TQR",
            "MSISDN": "2547 ***** 246",
            "FirstName": "NAOMI"
        }
        {
            "TransactionType": "Pay Bill",
            "TransID": "RL55AA7CYH",
            "TransTime": "20231205151906",
            "TransAmount": "5000.00",
            "BusinessShortCode": "4118403",
            "BillRefNumber": "D6",
            "InvoiceNumber": "",
            "OrgAccountBalance": "19000.00",
            "ThirdPartyTransID": "RL55AA7CYH",
            "MSISDN": "2547 ***** 019",
            "FirstName": "Linah"
        }
        {
            "TransactionType": "Pay Bill",
            "TransID": "RL61CZK7UH",
            "TransTime": "20231206112118",
            "TransAmount": "3500.00",
            "BusinessShortCode": "4118403",
            "BillRefNumber": "A10",
            "InvoiceNumber": "",
            "OrgAccountBalance": "22500.00",
            "ThirdPartyTransID": "RL61CZK7UH",
            "MSISDN": "2547 ***** 171",
            "FirstName": "YVONNE"
        }
        {
            "TransactionType": "Pay Bill",
            "TransID": "RL66DGK0SE",
            "TransTime": "20231206134645",
            "TransAmount": "1.00",
            "BusinessShortCode": "4118403",
            "BillRefNumber": "Ax",
            "InvoiceNumber": "",
            "OrgAccountBalance": "22501.00",
            "ThirdPartyTransID": "RL66DGK0SE",
            "MSISDN": "2547 ***** 681",
            "FirstName": "james"
        }
        {
            "TransactionType": "Pay Bill",
            "TransID": "RL70H5JF9K",
            "TransTime": "20231207143414",
            "TransAmount": "10000.00",
            "BusinessShortCode": "4118403",
            "BillRefNumber": "E7",
            "InvoiceNumber": "0",
            "OrgAccountBalance": "10000.00",
            "ThirdPartyTransID": "RL70H5JF9K",
            "MSISDN": "2547 ***** 801",
            "FirstName": "MOSES"
        }
        {
            "TransactionType": "Pay Bill",
            "TransID": "RL83JRVADD",
            "TransTime": "20231208101601",
            "TransAmount": "4000.00",
            "BusinessShortCode": "4118403",
            "BillRefNumber": "B2",
            "InvoiceNumber": "",
            "OrgAccountBalance": "4000.00",
            "ThirdPartyTransID": "RL83JRVADD",
            "MSISDN": "2547 ***** 852",
            "FirstName": "LOISE"
        }
        {
            "TransactionType": "Pay Bill",
            "TransID": "RL84JYC6E4",
            "TransTime": "20231208111201",
            "TransAmount": "1.00",
            "BusinessShortCode": "4118403",
            "BillRefNumber": "Ax",
            "InvoiceNumber": "",
            "OrgAccountBalance": "4001.00",
            "ThirdPartyTransID": "RL84JYC6E4",
            "MSISDN": "2547 ***** 349",
            "FirstName": "Richard"
        }
        {
            "TransactionType": "Pay Bill",
            "TransID": "RL83L2ZXIT",
            "TransTime": "20231208165746",
            "TransAmount": "1.00",
            "BusinessShortCode": "4118403",
            "BillRefNumber": "Ax",
            "InvoiceNumber": "",
            "OrgAccountBalance": "4002.00",
            "ThirdPartyTransID": "RL83L2ZXIT",
            "MSISDN": "2547 ***** 349",
            "FirstName": "Richard"
        }
        {
            "TransactionType": "Pay Bill",
            "TransID": "RL93NIOC83",
            "TransTime": "20231209113847",
            "TransAmount": "1.00",
            "BusinessShortCode": "4118403",
            "BillRefNumber": "Ax",
            "InvoiceNumber": "",
            "OrgAccountBalance": "4003.00",
            "ThirdPartyTransID": "RL93NIOC83",
            "MSISDN": "2547 ***** 349",
            "FirstName": "Richard"
        }
        {
            "TransactionType": "Pay Bill",
            "TransID": "RL96PCL9IQ",
            "TransTime": "20231209194848",
            "TransAmount": "3500.00",
            "BusinessShortCode": "4118403",
            "BillRefNumber": "A9",
            "InvoiceNumber": "",
            "OrgAccountBalance": "7503.00",
            "ThirdPartyTransID": "RL96PCL9IQ",
            "MSISDN": "2547 ***** 311",
            "FirstName": "ESTHER"
        }
        {
            "TransactionType": "Pay Bill",
            "TransID": "RL94PJ4NT4",
            "TransTime": "20231209202757",
            "TransAmount": "1.00",
            "BusinessShortCode": "4118403",
            "BillRefNumber": "ax",
            "InvoiceNumber": "",
            "OrgAccountBalance": "1.00",
            "ThirdPartyTransID": "RL94PJ4NT4",
            "MSISDN": "2547 ***** 349",
            "FirstName": "Richard"
        }
        {
            "TransactionType": "Pay Bill",
            "TransID": "RL90PK6EY6",
            "TransTime": "20231209203449",
            "TransAmount": "1.00",
            "BusinessShortCode": "4118403",
            "BillRefNumber": "Ax",
            "InvoiceNumber": "",
            "OrgAccountBalance": "2.00",
            "ThirdPartyTransID": "RL90PK6EY6",
            "MSISDN": "2547 ***** 349",
            "FirstName": "Richard"
        }
        {
            "TransactionType": "Pay Bill",
            "TransID": "RL99PLD69Z",
            "TransTime": "20231209204259",
            "TransAmount": "1.00",
            "BusinessShortCode": "4118403",
            "BillRefNumber": "Ax",
            "InvoiceNumber": "",
            "OrgAccountBalance": "3.00",
            "ThirdPartyTransID": "RL99PLD69Z",
            "MSISDN": "2547 ***** 349",
            "FirstName": "Richard"
        }
        {
            "TransactionType": "Pay Bill",
            "TransID": "RL93PNC02B",
            "TransTime": "20231209205723",
            "TransAmount": "1.00",
            "BusinessShortCode": "4118403",
            "BillRefNumber": "Ax",
            "InvoiceNumber": "",
            "OrgAccountBalance": "4.00",
            "ThirdPartyTransID": "RL93PNC02B",
            "MSISDN": "2547 ***** 349",
            "FirstName": "Richard"
        }
        {
            "TransactionType": "Pay Bill",
            "TransID": "RLA9QOS7F9",
            "TransTime": "20231210103227",
            "TransAmount": "5000.00",
            "BusinessShortCode": "4118403",
            "BillRefNumber": "A5",
            "InvoiceNumber": "",
            "OrgAccountBalance": "5004.00",
            "ThirdPartyTransID": "RLA9QOS7F9",
            "MSISDN": "2547 ***** 042",
            "FirstName": "JACOB"
        }
        {
            "TransactionType": "Pay Bill",
            "TransID": "RLA9QV2MV7",
            "TransTime": "20231210113833",
            "TransAmount": "1.00",
            "BusinessShortCode": "4118403",
            "BillRefNumber": "toza",
            "InvoiceNumber": "",
            "OrgAccountBalance": "5005.00",
            "ThirdPartyTransID": "RLA9QV2MV7",
            "MSISDN": "2547 ***** 329",
            "FirstName": "SAMUEL"
        }
        {
            "TransactionType": "Pay Bill",
            "TransID": "RLA2RA5AVY",
            "TransTime": "20231210141019",
            "TransAmount": "3000.00",
            "BusinessShortCode": "4118403",
            "BillRefNumber": "A15",
            "InvoiceNumber": "",
            "OrgAccountBalance": "8005.00",
            "ThirdPartyTransID": "RLA2RA5AVY",
            "MSISDN": "2547 ***** 496",
            "FirstName": "William"
        }
        {
            "TransactionType": "Pay Bill",
            "TransID": "RLC4XD0G48",
            "TransTime": "20231212122243",
            "TransAmount": "5.00",
            "BusinessShortCode": "4118403",
            "BillRefNumber": "C2",
            "InvoiceNumber": "",
            "OrgAccountBalance": "8010.00",
            "ThirdPartyTransID": "RLC4XD0G48",
            "MSISDN": "2547 ***** 623",
            "FirstName": "ONESMUS"
        }
        {
            "TransactionType": "Pay Bill",
            "TransID": "RLC4XK8IP0",
            "TransTime": "20231212132705",
            "TransAmount": "1.00",
            "BusinessShortCode": "4118403",
            "BillRefNumber": "D5",
            "InvoiceNumber": "",
            "OrgAccountBalance": "8011.00",
            "ThirdPartyTransID": "RLC4XK8IP0",
            "MSISDN": "2547 ***** 016",
            "FirstName": "STEPHINE"
        }
        {
            "TransactionType": "Pay Bill",
            "TransID": "RLD417GK00",
            "TransTime": "20231213101205",
            "TransAmount": "3500.00",
            "BusinessShortCode": "4118403",
            "BillRefNumber": "A11",
            "InvoiceNumber": "",
            "OrgAccountBalance": "11511.00",
            "ThirdPartyTransID": "RLD417GK00",
            "MSISDN": "2547 ***** 171",
            "FirstName": "YVONNE"
        }
        {
            "TransactionType": "Pay Bill",
            "TransID": "RLD41IMLH0",
            "TransTime": "20231213115436",
            "TransAmount": "5000.00",
            "BusinessShortCode": "4118403",
            "BillRefNumber": "A2",
            "InvoiceNumber": "",
            "OrgAccountBalance": "16511.00",
            "ThirdPartyTransID": "RLD41IMLH0",
            "MSISDN": "2547 ***** 181",
            "FirstName": "ANN"
        }
        {
            "TransactionType": "Pay Bill",
            "TransID": "RLD028SJ6W",
            "TransTime": "20231213155345",
            "TransAmount": "5000.00",
            "BusinessShortCode": "4118403",
            "BillRefNumber": "D2",
            "InvoiceNumber": "",
            "OrgAccountBalance": "5000.00",
            "ThirdPartyTransID": "RLD028SJ6W",
            "MSISDN": "2547 ***** 725",
            "FirstName": "Teresa"
        }
        {
            "TransactionType": "Pay Bill",
            "TransID": "RLF379ZWHN",
            "TransTime": "20231215070749",
            "TransAmount": "1.00",
            "BusinessShortCode": "4118403",
            "BillRefNumber": "ax",
            "InvoiceNumber": "",
            "OrgAccountBalance": "1.00",
            "ThirdPartyTransID": "RLF379ZWHN",
            "MSISDN": "2547 ***** 349",
            "FirstName": "Richard"
        }
        {
            "TransactionType": "Pay Bill",
            "TransID": "RLF298WNHS",
            "TransTime": "20231215174939",
            "TransAmount": "1.00",
            "BusinessShortCode": "4118403",
            "BillRefNumber": "Ax",
            "InvoiceNumber": "",
            "OrgAccountBalance": "2.00",
            "ThirdPartyTransID": "RLF298WNHS",
            "MSISDN": "2547 ***** 349",
            "FirstName": "Richard"
        }
        {
            "TransactionType": "Pay Bill",
            "TransID": "RLG9AQB0Z7",
            "TransTime": "20231216073824",
            "TransAmount": "8000.00",
            "BusinessShortCode": "4118403",
            "BillRefNumber": "2E",
            "InvoiceNumber": "",
            "OrgAccountBalance": "8002.00",
            "ThirdPartyTransID": "RLG9AQB0Z7",
            "MSISDN": "2547 ***** 706",
            "FirstName": "GALGALLO"
        }
        {
            "TransactionType": "Pay Bill",
            "TransID": "RLH8E3N9RC",
            "TransTime": "20231217075335",
            "TransAmount": "1.00",
            "BusinessShortCode": "4118403",
            "BillRefNumber": "Ax",
            "InvoiceNumber": "",
            "OrgAccountBalance": "1.00",
            "ThirdPartyTransID": "RLH8E3N9RC",
            "MSISDN": "2547 ***** 349",
            "FirstName": "Richard"
        }
        {
            "TransactionType": "Pay Bill",
            "TransID": "RLH2FF4BZ2",
            "TransTime": "20231217160846",
            "TransAmount": "4000.00",
            "BusinessShortCode": "4118403",
            "BillRefNumber": "C2",
            "InvoiceNumber": "",
            "OrgAccountBalance": "4000.00",
            "ThirdPartyTransID": "RLH2FF4BZ2",
            "MSISDN": "2547 ***** 623",
            "FirstName": "ONESMUS"
        }
        {
            "TransactionType": "Pay Bill",
            "TransID": "RLH6FON4NW",
            "TransTime": "20231217173053",
            "TransAmount": "1.00",
            "BusinessShortCode": "4118403",
            "BillRefNumber": "Ax",
            "InvoiceNumber": "",
            "OrgAccountBalance": "4001.00",
            "ThirdPartyTransID": "RLH6FON4NW",
            "MSISDN": "2547 ***** 349",
            "FirstName": "Richard"
        }
        {
            "TransactionType": "Pay Bill",
            "TransID": "RLI4HVPPOM",
            "TransTime": "20231218122629",
            "TransAmount": "1.00",
            "BusinessShortCode": "4118403",
            "BillRefNumber": "Harri",
            "InvoiceNumber": "",
            "OrgAccountBalance": "4002.00",
            "ThirdPartyTransID": "RLI4HVPPOM",
            "MSISDN": "2547 ***** 855",
            "FirstName": "NELIA"
        }
        {
            "TransactionType": "Pay Bill",
            "TransID": "RLJ5MR2UOF",
            "TransTime": "20231219194803",
            "TransAmount": "1.00",
            "BusinessShortCode": "4118403",
            "BillRefNumber": "Ac",
            "InvoiceNumber": "",
            "OrgAccountBalance": "1.00",
            "ThirdPartyTransID": "RLJ5MR2UOF",
            "MSISDN": "2547 ***** 349",
            "FirstName": "Richard"
        }
        {
            "TransactionType": "Pay Bill",
            "TransID": "RLJ5MRS06H",
            "TransTime": "20231219195207",
            "TransAmount": "1.00",
            "BusinessShortCode": "4118403",
            "BillRefNumber": "Ax",
            "InvoiceNumber": "",
            "OrgAccountBalance": "2.00",
            "ThirdPartyTransID": "RLJ5MRS06H",
            "MSISDN": "2547 ***** 349",
            "FirstName": "Richard"
        }
        {
            "TransactionType": "Pay Bill",
            "TransID": "RLK6OS9RYO",
            "TransTime": "20231220140227",
            "TransAmount": "1.00",
            "BusinessShortCode": "4118403",
            "BillRefNumber": "Ax",
            "InvoiceNumber": "",
            "OrgAccountBalance": "3.00",
            "ThirdPartyTransID": "RLK6OS9RYO",
            "MSISDN": "2547 ***** 349",
            "FirstName": "Richard"
        }
        {
            "TransactionType": "Pay Bill",
            "TransID": "RLL8RJLWWW",
            "TransTime": "20231221104808",
            "TransAmount": "7000.00",
            "BusinessShortCode": "4118403",
            "BillRefNumber": "D5",
            "InvoiceNumber": "",
            "OrgAccountBalance": "13503.00",
            "ThirdPartyTransID": "RLL8RJLWWW",
            "MSISDN": "2547 ***** 016",
            "FirstName": "STEPHINE"
        }
        {
            "TransactionType": "Pay Bill",
            "TransID": "RLL6SYP0RW",
            "TransTime": "20231221175801",
            "TransAmount": "1.00",
            "BusinessShortCode": "4118403",
            "BillRefNumber": "Ax",
            "InvoiceNumber": "",
            "OrgAccountBalance": "1.00",
            "ThirdPartyTransID": "1234567890",
            "MSISDN": "2541 ***** 569",
            "FirstName": "Brian"
        }
        {
            "TransactionType": "Pay Bill",
            "TransID": "RLM5VOT50L",
            "TransTime": "20231222141908",
            "TransAmount": "1.00",
            "BusinessShortCode": "4118403",
            "BillRefNumber": "Ax",
            "InvoiceNumber": "",
            "OrgAccountBalance": "3.00",
            "ThirdPartyTransID": "1234567890",
            "MSISDN": "2547 ***** 349",
            "FirstName": "Richard"
        }
        {
            "TransactionType": "Pay Bill",
            "TransID": "RLM4VQ85AY",
            "TransTime": "20231222143042",
            "TransAmount": "1.00",
            "BusinessShortCode": "4118403",
            "BillRefNumber": "Ax",
            "InvoiceNumber": "",
            "OrgAccountBalance": "4.00",
            "ThirdPartyTransID": "RLM4VQ85AY",
            "MSISDN": "2547 ***** 349",
            "FirstName": "Richard"
        }
        {
            "TransactionType": "Pay Bill",
            "TransID": "RLM6WGTD4W",
            "TransTime": "20231222175533",
            "TransAmount": "1.00",
            "BusinessShortCode": "4118403",
            "BillRefNumber": "Ax",
            "InvoiceNumber": "",
            "OrgAccountBalance": "5.00",
            "ThirdPartyTransID": "RLM6WGTD4W",
            "MSISDN": "2547 ***** 349",
            "FirstName": "Richard"
        }
        {
            "TransactionType": "Pay Bill",
            "TransID": "RLN0ZDXGI0",
            "TransTime": "20231223143746",
            "TransAmount": "7500.00",
            "BusinessShortCode": "4118403",
            "BillRefNumber": "B9",
            "InvoiceNumber": "",
            "OrgAccountBalance": "7505.00",
            "ThirdPartyTransID": "RLN0ZDXGI0",
            "MSISDN": "2547 ***** 447",
            "FirstName": "BRENDA"
        }
        {
            "TransactionType": "Pay Bill",
            "TransID": "RLO15TGB4V",
            "TransTime": "20231224233826",
            "TransAmount": "5000.00",
            "BusinessShortCode": "4118403",
            "BillRefNumber": "A2",
            "InvoiceNumber": "",
            "OrgAccountBalance": "5000.00",
            "ThirdPartyTransID": "RLO15TGB4V",
            "MSISDN": "2547 ***** 181",
            "FirstName": "ANN"
        }
        {
            "TransactionType": "Pay Bill",
            "TransID": "RLQ9A3NPSF",
            "TransTime": "20231226145240",
            "TransAmount": "7000.00",
            "BusinessShortCode": "4118403",
            "BillRefNumber": "C9",
            "InvoiceNumber": "",
            "OrgAccountBalance": "12000.00",
            "ThirdPartyTransID": "RLQ9A3NPSF",
            "MSISDN": "2547 ***** 484",
            "FirstName": "MAXWELL"
        }
        {
            "TransactionType": "Pay Bill",
            "TransID": "RLS2H6EACS",
            "TransTime": "20231228203453",
            "TransAmount": "1.00",
            "BusinessShortCode": "4118403",
            "BillRefNumber": "Popie",
            "InvoiceNumber": "",
            "OrgAccountBalance": "1.00",
            "ThirdPartyTransID": "RLS2H6EACS",
            "MSISDN": "2547 ***** 166",
            "FirstName": "Simon"
        }
        