{"Body":{"stkCallback":{"MerchantRequestID":"85308-111577477-1","CheckoutRequestID":"ws_CO_18112023214013402746465349","ResultCode":2001,"ResultDesc":"The initiator information is invalid."}}}{"Body":{"stkCallback":{"MerchantRequestID":"88792-369893515-1","CheckoutRequestID":"ws_CO_18112023214447883746465349","ResultCode":0,"ResultDesc":"The service request is processed successfully.","CallbackMetadata":{"Item":[{"Name":"Amount","Value":1.00},{"Name":"MpesaReceiptNumber","Value":"RKI9Q95ERN"},{"Name":"Balance"},{"Name":"TransactionDate","Value":20231118214505},{"Name":"PhoneNumber","Value":254746465349}]}}}}{"Body":{"stkCallback":{"MerchantRequestID":"42470-45985341-1","CheckoutRequestID":"ws_CO_19112023084252137746465349","ResultCode":1032,"ResultDesc":"Request cancelled by user"}}}{"Body":{"stkCallback":{"MerchantRequestID":"45328-253379376-1","CheckoutRequestID":"ws_CO_20112023123552592746465349","ResultCode":0,"ResultDesc":"The service request is processed successfully.","CallbackMetadata":{"Item":[{"Name":"Amount","Value":1.00},{"Name":"MpesaReceiptNumber","Value":"RKK5UCXDYX"},{"Name":"Balance"},{"Name":"TransactionDate","Value":20231120123603},{"Name":"PhoneNumber","Value":254746465349}]}}}}{"Body":{"stkCallback":{"MerchantRequestID":"31780-18395364-1","CheckoutRequestID":"ws_CO_20112023131951587746465349","ResultCode":1037,"ResultDesc":"DS timeout user cannot be reached"}}}{"Body":{"stkCallback":{"MerchantRequestID":"9041-13393687-1","CheckoutRequestID":"ws_CO_20112023132036344746465349","ResultCode":1037,"ResultDesc":"DS timeout user cannot be reached"}}}{"Body":{"stkCallback":{"MerchantRequestID":"85293-115107569-1","CheckoutRequestID":"ws_CO_20112023132152265746465349","ResultCode":1032,"ResultDesc":"Request cancelled by user"}}}{"Body":{"stkCallback":{"MerchantRequestID":"9462-42263761-1","CheckoutRequestID":"ws_CO_20112023133438866746465349","ResultCode":1032,"ResultDesc":"Request cancelled by user"}}}{"Body":{"stkCallback":{"MerchantRequestID":"38704-132821835-1","CheckoutRequestID":"ws_CO_24112023174541678746465349","ResultCode":1032,"ResultDesc":"Request cancelled by user"}}}{"Body":{"stkCallback":{"MerchantRequestID":"119117-86485332-1","CheckoutRequestID":"ws_CO_29112023133839830746465349","ResultCode":0,"ResultDesc":"The service request is processed successfully.","CallbackMetadata":{"Item":[{"Name":"Amount","Value":1.00},{"Name":"MpesaReceiptNumber","Value":"RKT4OGW4R6"},{"Name":"Balance"},{"Name":"TransactionDate","Value":20231129133851},{"Name":"PhoneNumber","Value":254746465349}]}}}}{"Body":{"stkCallback":{"MerchantRequestID":"79816-70850144-1","CheckoutRequestID":"ws_CO_29112023174620545746465349","ResultCode":1032,"ResultDesc":"Request cancelled by user"}}}{"Body":{"stkCallback":{"MerchantRequestID":"84141-77634523-1","CheckoutRequestID":"ws_CO_29112023202356334746465349","ResultCode":0,"ResultDesc":"The service request is processed successfully.","CallbackMetadata":{"Item":[{"Name":"Amount","Value":1.00},{"Name":"MpesaReceiptNumber","Value":"RKT9Q23GYX"},{"Name":"Balance"},{"Name":"TransactionDate","Value":20231129202425},{"Name":"PhoneNumber","Value":254746465349}]}}}}{"Body":{"stkCallback":{"MerchantRequestID":"93939-81817299-1","CheckoutRequestID":"ws_CO_29112023203041882746465349","ResultCode":1032,"ResultDesc":"Request cancelled by user"}}}{"Body":{"stkCallback":{"MerchantRequestID":"9472-76622426-1","CheckoutRequestID":"ws_CO_29112023203317929746465349","ResultCode":2001,"ResultDesc":"The initiator information is invalid."}}}{"Body":{"stkCallback":{"MerchantRequestID":"93948-81901412-1","CheckoutRequestID":"ws_CO_29112023204956512746465349","ResultCode":0,"ResultDesc":"The service request is processed successfully.","CallbackMetadata":{"Item":[{"Name":"Amount","Value":1.00},{"Name":"MpesaReceiptNumber","Value":"RKT7Q5VPLJ"},{"Name":"Balance"},{"Name":"TransactionDate","Value":20231129205020},{"Name":"PhoneNumber","Value":254746465349}]}}}}{"Body":{"stkCallback":{"MerchantRequestID":"9038-48531302-1","CheckoutRequestID":"ws_CO_29112023210146350746465349","ResultCode":1032,"ResultDesc":"Request cancelled by user"}}}{"Body":{"stkCallback":{"MerchantRequestID":"9040-48637756-1","CheckoutRequestID":"ws_CO_29112023212631333746465349","ResultCode":1032,"ResultDesc":"Request cancelled by user"}}}{"Body":{"stkCallback":{"MerchantRequestID":"84135-83129120-1","CheckoutRequestID":"ws_CO_01122023085502028746465349","ResultCode":1037,"ResultDesc":"DS timeout user cannot be reached"}}}{"Body":{"stkCallback":{"MerchantRequestID":"9040-53954879-1","CheckoutRequestID":"ws_CO_01122023085821025746465349","ResultCode":1037,"ResultDesc":"DS timeout user cannot be reached"}}}{"Body":{"stkCallback":{"MerchantRequestID":"7859-11177359-1","CheckoutRequestID":"ws_CO_01122023085856748746465349","ResultCode":1037,"ResultDesc":"DS timeout user cannot be reached"}}}{"Body":{"stkCallback":{"MerchantRequestID":"93940-87183507-1","CheckoutRequestID":"ws_CO_01122023085907044746465349","ResultCode":1037,"ResultDesc":"DS timeout user cannot be reached"}}}{"Body":{"stkCallback":{"MerchantRequestID":"38693-158431503-1","CheckoutRequestID":"ws_CO_01122023085914000746465349","ResultCode":1037,"ResultDesc":"DS timeout user cannot be reached"}}}{"Body":{"stkCallback":{"MerchantRequestID":"8674-52442494-1","CheckoutRequestID":"ws_CO_01122023090339660746465349","ResultCode":1032,"ResultDesc":"Request cancelled by user"}}}{"Body":{"stkCallback":{"MerchantRequestID":"68011-151706885-1","CheckoutRequestID":"ws_CO_01122023102042362746465349","ResultCode":1037,"ResultDesc":"DS timeout user cannot be reached"}}}{"Body":{"stkCallback":{"MerchantRequestID":"42458-89461841-1","CheckoutRequestID":"ws_CO_01122023102829686746465349","ResultCode":1037,"ResultDesc":"DS timeout user cannot be reached"}}}{"Body":{"stkCallback":{"MerchantRequestID":"7855-11442656-1","CheckoutRequestID":"ws_CO_01122023102910186746465349","ResultCode":1037,"ResultDesc":"DS timeout user cannot be reached"}}}{"Body":{"stkCallback":{"MerchantRequestID":"38707-158755697-1","CheckoutRequestID":"ws_CO_01122023105055656746465349","ResultCode":1037,"ResultDesc":"DS timeout user cannot be reached"}}}{"Body":{"stkCallback":{"MerchantRequestID":"40262-26186773-1","CheckoutRequestID":"ws_CO_01122023144737565746465349","ResultCode":0,"ResultDesc":"The service request is processed successfully.","CallbackMetadata":{"Item":[{"Name":"Amount","Value":1.00},{"Name":"MpesaReceiptNumber","Value":"RL19VLPHRD"},{"Name":"Balance"},{"Name":"TransactionDate","Value":20231201144749},{"Name":"PhoneNumber","Value":254746465349}]}}}}{"Body":{"stkCallback":{"MerchantRequestID":"18154-154954848-1","CheckoutRequestID":"ws_CO_01122023144756012746465349","ResultCode":1032,"ResultDesc":"Request cancelled by user"}}}{"Body":{"stkCallback":{"MerchantRequestID":"38705-159920661-1","CheckoutRequestID":"ws_CO_01122023165442874746465349","ResultCode":0,"ResultDesc":"The service request is processed successfully.","CallbackMetadata":{"Item":[{"Name":"Amount","Value":1.00},{"Name":"MpesaReceiptNumber","Value":"RL10W1C8DE"},{"Name":"Balance"},{"Name":"TransactionDate","Value":20231201165454},{"Name":"PhoneNumber","Value":254746465349}]}}}}{"Body":{"stkCallback":{"MerchantRequestID":"7194-43059084-1","CheckoutRequestID":"ws_CO_02122023162232499746465349","ResultCode":1037,"ResultDesc":"DS timeout user cannot be reached"}}}{"Body":{"stkCallback":{"MerchantRequestID":"76530-37459257-1","CheckoutRequestID":"ws_CO_02122023164510069746465349","ResultCode":1037,"ResultDesc":"DS timeout user cannot be reached"}}}{"Body":{"stkCallback":{"MerchantRequestID":"42464-94692086-1","CheckoutRequestID":"ws_CO_02122023164625301746465349","ResultCode":0,"ResultDesc":"The service request is processed successfully.","CallbackMetadata":{"Item":[{"Name":"Amount","Value":1.00},{"Name":"MpesaReceiptNumber","Value":"RL25ZK3YGR"},{"Name":"Balance"},{"Name":"TransactionDate","Value":20231202164641},{"Name":"PhoneNumber","Value":254746465349}]}}}}{"Body":{"stkCallback":{"MerchantRequestID":"9465-87601009-1","CheckoutRequestID":"ws_CO_02122023165928295746465349","ResultCode":1037,"ResultDesc":"DS timeout user cannot be reached"}}}{"Body":{"stkCallback":{"MerchantRequestID":"18141-159345673-1","CheckoutRequestID":"ws_CO_02122023165948681746465349","ResultCode":1037,"ResultDesc":"DS timeout user cannot be reached"}}}{"Body":{"stkCallback":{"MerchantRequestID":"40269-30634426-1","CheckoutRequestID":"ws_CO_02122023170128465746465349","ResultCode":1037,"ResultDesc":"DS timeout user cannot be reached"}}}{"Body":{"stkCallback":{"MerchantRequestID":"8656-57941699-1","CheckoutRequestID":"ws_CO_02122023170713984746465349","ResultCode":1032,"ResultDesc":"Request cancelled by user"}}}{"Body":{"stkCallback":{"MerchantRequestID":"9036-59842131-1","CheckoutRequestID":"ws_CO_02122023183544332746465349","ResultCode":0,"ResultDesc":"The service request is processed successfully.","CallbackMetadata":{"Item":[{"Name":"Amount","Value":1.00},{"Name":"MpesaReceiptNumber","Value":"RL2910ACQZ"},{"Name":"Balance"},{"Name":"TransactionDate","Value":20231202183554},{"Name":"PhoneNumber","Value":254746465349}]}}}}{"Body":{"stkCallback":{"MerchantRequestID":"113633-419466457-1","CheckoutRequestID":"ws_CO_03122023093730847746465349","ResultCode":1,"ResultDesc":"The balance is insufficient for the transaction."}}}{"Body":{"stkCallback":{"MerchantRequestID":"1200-91090807-1","CheckoutRequestID":"ws_CO_03122023094613717746465349","ResultCode":0,"ResultDesc":"The service request is processed successfully.","CallbackMetadata":{"Item":[{"Name":"Amount","Value":1.00},{"Name":"MpesaReceiptNumber","Value":"RL302MZGAU"},{"Name":"Balance"},{"Name":"TransactionDate","Value":20231203094627},{"Name":"PhoneNumber","Value":254746465349}]}}}}{"Body":{"stkCallback":{"MerchantRequestID":"3955-62050875-1","CheckoutRequestID":"ws_CO_03122023095821556746465349","ResultCode":0,"ResultDesc":"The service request is processed successfully.","CallbackMetadata":{"Item":[{"Name":"Amount","Value":1.00},{"Name":"MpesaReceiptNumber","Value":"RL392O4QM1"},{"Name":"Balance"},{"Name":"TransactionDate","Value":20231203095829},{"Name":"PhoneNumber","Value":254746465349}]}}}}{"Body":{"stkCallback":{"MerchantRequestID":"20839-161740836-1","CheckoutRequestID":"ws_CO_03122023214218965793001980","ResultCode":2001,"ResultDesc":"The initiator information is invalid."}}}{"Body":{"stkCallback":{"MerchantRequestID":"27366-164338898-1","CheckoutRequestID":"ws_CO_03122023214525770793001980","ResultCode":1037,"ResultDesc":"DS timeout user cannot be reached"}}}{"Body":{"stkCallback":{"MerchantRequestID":"92968-48374945-1","CheckoutRequestID":"ws_CO_03122023214811348793001980","ResultCode":0,"ResultDesc":"The service request is processed successfully.","CallbackMetadata":{"Item":[{"Name":"Amount","Value":10.00},{"Name":"MpesaReceiptNumber","Value":"RL3950KGCV"},{"Name":"Balance"},{"Name":"TransactionDate","Value":20231203214823},{"Name":"PhoneNumber","Value":254793001980}]}}}}{"Body":{"stkCallback":{"MerchantRequestID":"3964-67613998-1","CheckoutRequestID":"ws_CO_04122023183223712790540130","ResultCode":1037,"ResultDesc":"DS timeout user cannot be reached"}}}{"Body":{"stkCallback":{"MerchantRequestID":"121529-168572177-1","CheckoutRequestID":"ws_CO_04122023183545565790540130","ResultCode":0,"ResultDesc":"The service request is processed successfully.","CallbackMetadata":{"Item":[{"Name":"Amount","Value":10.00},{"Name":"MpesaReceiptNumber","Value":"RL437KLH67"},{"Name":"Balance"},{"Name":"TransactionDate","Value":20231204183554},{"Name":"PhoneNumber","Value":254790540130}]}}}}{"Body":{"stkCallback":{"MerchantRequestID":"17146-73103009-1","CheckoutRequestID":"ws_CO_06122023134637032797319681","ResultCode":0,"ResultDesc":"The service request is processed successfully.","CallbackMetadata":{"Item":[{"Name":"Amount","Value":1.00},{"Name":"MpesaReceiptNumber","Value":"RL66DGK0SE"},{"Name":"Balance"},{"Name":"TransactionDate","Value":20231206134647},{"Name":"PhoneNumber","Value":254797319681}]}}}}{"Body":{"stkCallback":{"MerchantRequestID":"3981-80616911-1","CheckoutRequestID":"ws_CO_08122023111147964746465349","ResultCode":0,"ResultDesc":"The service request is processed successfully.","CallbackMetadata":{"Item":[{"Name":"Amount","Value":1.00},{"Name":"MpesaReceiptNumber","Value":"RL84JYC6E4"},{"Name":"Balance"},{"Name":"TransactionDate","Value":20231208111202},{"Name":"PhoneNumber","Value":254746465349}]}}}}{"Body":{"stkCallback":{"MerchantRequestID":"98181-52465617-1","CheckoutRequestID":"ws_CO_08122023165723249746465349","ResultCode":0,"ResultDesc":"The service request is processed successfully.","CallbackMetadata":{"Item":[{"Name":"Amount","Value":1.00},{"Name":"MpesaReceiptNumber","Value":"RL83L2ZXIT"},{"Name":"Balance"},{"Name":"TransactionDate","Value":20231208165747},{"Name":"PhoneNumber","Value":254746465349}]}}}}{"Body":{"stkCallback":{"MerchantRequestID":"96663-186491634-1","CheckoutRequestID":"ws_CO_09122023113834438746465349","ResultCode":0,"ResultDesc":"The service request is processed successfully.","CallbackMetadata":{"Item":[{"Name":"Amount","Value":1.00},{"Name":"MpesaReceiptNumber","Value":"RL93NIOC83"},{"Name":"Balance"},{"Name":"TransactionDate","Value":20231209113849},{"Name":"PhoneNumber","Value":254746465349}]}}}}{"Body":{"stkCallback":{"MerchantRequestID":"62429-105290444-1","CheckoutRequestID":"ws_CO_09122023202543451746465349","ResultCode":1037,"ResultDesc":"DS timeout user cannot be reached"}}}{"Body":{"stkCallback":{"MerchantRequestID":"101487-122324881-1","CheckoutRequestID":"ws_CO_09122023202735936746465349","ResultCode":0,"ResultDesc":"The service request is processed successfully.","CallbackMetadata":{"Item":[{"Name":"Amount","Value":1.00},{"Name":"MpesaReceiptNumber","Value":"RL94PJ4NT4"},{"Name":"Balance"},{"Name":"TransactionDate","Value":20231209202758},{"Name":"PhoneNumber","Value":254746465349}]}}}}{"Body":{"stkCallback":{"MerchantRequestID":"42589-4440047-1","CheckoutRequestID":"ws_CO_09122023202813596746465349","ResultCode":1037,"ResultDesc":"DS timeout user cannot be reached"}}}{"Body":{"stkCallback":{"MerchantRequestID":"1191-112721311-1","CheckoutRequestID":"ws_CO_09122023203103846746465349","ResultCode":2001,"ResultDesc":"The initiator information is invalid."}}}{"Body":{"stkCallback":{"MerchantRequestID":"2079-61090451-1","CheckoutRequestID":"ws_CO_09122023203304344746465349","ResultCode":1032,"ResultDesc":"Request cancelled by user"}}}{"Body":{"stkCallback":{"MerchantRequestID":"3210-8347931-1","CheckoutRequestID":"ws_CO_09122023203438740746465349","ResultCode":0,"ResultDesc":"The service request is processed successfully.","CallbackMetadata":{"Item":[{"Name":"Amount","Value":1.00},{"Name":"MpesaReceiptNumber","Value":"RL90PK6EY6"},{"Name":"Balance"},{"Name":"TransactionDate","Value":20231209203453},{"Name":"PhoneNumber","Value":254746465349}]}}}}{"Body":{"stkCallback":{"MerchantRequestID":"28129-4168457-1","CheckoutRequestID":"ws_CO_09122023204245276746465349","ResultCode":0,"ResultDesc":"The service request is processed successfully.","CallbackMetadata":{"Item":[{"Name":"Amount","Value":1.00},{"Name":"MpesaReceiptNumber","Value":"RL99PLD69Z"},{"Name":"Balance"},{"Name":"TransactionDate","Value":20231209204301},{"Name":"PhoneNumber","Value":254746465349}]}}}}{"Body":{"stkCallback":{"MerchantRequestID":"121514-184720635-1","CheckoutRequestID":"ws_CO_09122023205709905746465349","ResultCode":0,"ResultDesc":"The service request is processed successfully.","CallbackMetadata":{"Item":[{"Name":"Amount","Value":1.00},{"Name":"MpesaReceiptNumber","Value":"RL93PNC02B"},{"Name":"Balance"},{"Name":"TransactionDate","Value":20231209205724},{"Name":"PhoneNumber","Value":254746465349}]}}}}{"Body":{"stkCallback":{"MerchantRequestID":"1205-113667664-1","CheckoutRequestID":"ws_CO_10122023113820915717683329","ResultCode":0,"ResultDesc":"The service request is processed successfully.","CallbackMetadata":{"Item":[{"Name":"Amount","Value":1.00},{"Name":"MpesaReceiptNumber","Value":"RLA9QV2MV7"},{"Name":"Balance"},{"Name":"TransactionDate","Value":20231210113835},{"Name":"PhoneNumber","Value":254717683329}]}}}}{"Body":{"stkCallback":{"MerchantRequestID":"79547-120380773-1","CheckoutRequestID":"ws_CO_12122023122230430722163623","ResultCode":0,"ResultDesc":"The service request is processed successfully.","CallbackMetadata":{"Item":[{"Name":"Amount","Value":5.00},{"Name":"MpesaReceiptNumber","Value":"RLC4XD0G48"},{"Name":"TransactionDate","Value":20231212122244},{"Name":"PhoneNumber","Value":254722163623}]}}}}{"Body":{"stkCallback":{"MerchantRequestID":"118889-123847355-1","CheckoutRequestID":"ws_CO_12122023132646861748688016","ResultCode":0,"ResultDesc":"The service request is processed successfully.","CallbackMetadata":{"Item":[{"Name":"Amount","Value":1.00},{"Name":"MpesaReceiptNumber","Value":"RLC4XK8IP0"},{"Name":"TransactionDate","Value":20231212132707},{"Name":"PhoneNumber","Value":254748688016}]}}}}{"Body":{"stkCallback":{"MerchantRequestID":"98181-59874056-1","CheckoutRequestID":"ws_CO_12122023150308482746465349","ResultCode":1032,"ResultDesc":"Request cancelled by user"}}}{"Body":{"stkCallback":{"MerchantRequestID":"101494-128177731-1","CheckoutRequestID":"ws_CO_13122023115418361700883181","ResultCode":0,"ResultDesc":"The service request is processed successfully.","CallbackMetadata":{"Item":[{"Name":"Amount","Value":5000.00},{"Name":"MpesaReceiptNumber","Value":"RLD41IMLH0"},{"Name":"Balance"},{"Name":"TransactionDate","Value":20231213115438},{"Name":"PhoneNumber","Value":254700883181}]}}}}{"Body":{"stkCallback":{"MerchantRequestID":"101472-132093526-1","CheckoutRequestID":"ws_CO_15122023174848111746465349","ResultCode":2001,"ResultDesc":"The initiator information is invalid."}}}{"Body":{"stkCallback":{"MerchantRequestID":"28149-14549079-1","CheckoutRequestID":"ws_CO_15122023174931612746465349","ResultCode":0,"ResultDesc":"The service request is processed successfully.","CallbackMetadata":{"Item":[{"Name":"Amount","Value":1.00},{"Name":"MpesaReceiptNumber","Value":"RLF298WNHS"},{"Name":"Balance"},{"Name":"TransactionDate","Value":20231215174941},{"Name":"PhoneNumber","Value":254746465349}]}}}}{"Body":{"stkCallback":{"MerchantRequestID":"42585-18388752-1","CheckoutRequestID":"ws_CO_17122023075319411746465349","ResultCode":0,"ResultDesc":"The service request is processed successfully.","CallbackMetadata":{"Item":[{"Name":"Amount","Value":1.00},{"Name":"MpesaReceiptNumber","Value":"RLH8E3N9RC"},{"Name":"Balance"},{"Name":"TransactionDate","Value":20231217075336},{"Name":"PhoneNumber","Value":254746465349}]}}}}{"Body":{"stkCallback":{"MerchantRequestID":"79570-129182512-1","CheckoutRequestID":"ws_CO_17122023160837420722163623","ResultCode":0,"ResultDesc":"The service request is processed successfully.","CallbackMetadata":{"Item":[{"Name":"Amount","Value":4000.00},{"Name":"MpesaReceiptNumber","Value":"RLH2FF4BZ2"},{"Name":"Balance"},{"Name":"TransactionDate","Value":20231217160847},{"Name":"PhoneNumber","Value":254722163623}]}}}}{"Body":{"stkCallback":{"MerchantRequestID":"28133-18120422-1","CheckoutRequestID":"ws_CO_17122023173045737746465349","ResultCode":0,"ResultDesc":"The service request is processed successfully.","CallbackMetadata":{"Item":[{"Name":"Amount","Value":1.00},{"Name":"MpesaReceiptNumber","Value":"RLH6FON4NW"},{"Name":"Balance"},{"Name":"TransactionDate","Value":20231217173055},{"Name":"PhoneNumber","Value":254746465349}]}}}}{"Body":{"stkCallback":{"MerchantRequestID":"28142-19402681-1","CheckoutRequestID":"ws_CO_18122023122616077795924855","ResultCode":0,"ResultDesc":"The service request is processed successfully.","CallbackMetadata":{"Item":[{"Name":"Amount","Value":1.00},{"Name":"MpesaReceiptNumber","Value":"RLI4HVPPOM"},{"Name":"Balance"},{"Name":"TransactionDate","Value":20231218122631},{"Name":"PhoneNumber","Value":254795924855}]}}}}{"Body":{"stkCallback":{"MerchantRequestID":"2085-77763769-1","CheckoutRequestID":"ws_CO_19122023194746823746465349","ResultCode":0,"ResultDesc":"The service request is processed successfully.","CallbackMetadata":{"Item":[{"Name":"Amount","Value":1.00},{"Name":"MpesaReceiptNumber","Value":"RLJ5MR2UOF"},{"Name":"Balance"},{"Name":"TransactionDate","Value":20231219194805},{"Name":"PhoneNumber","Value":254746465349}]}}}}{"Body":{"stkCallback":{"MerchantRequestID":"42582-23254791-1","CheckoutRequestID":"ws_CO_19122023195154530746465349","ResultCode":0,"ResultDesc":"The service request is processed successfully.","CallbackMetadata":{"Item":[{"Name":"Amount","Value":1.00},{"Name":"MpesaReceiptNumber","Value":"RLJ5MRS06H"},{"Name":"Balance"},{"Name":"TransactionDate","Value":20231219195208},{"Name":"PhoneNumber","Value":254746465349}]}}}}{"Body":{"stkCallback":{"MerchantRequestID":"62417-122781489-1","CheckoutRequestID":"ws_CO_20122023140217664746465349","ResultCode":0,"ResultDesc":"The service request is processed successfully.","CallbackMetadata":{"Item":[{"Name":"Amount","Value":1.00},{"Name":"MpesaReceiptNumber","Value":"RLK6OS9RYO"},{"Name":"Balance"},{"Name":"TransactionDate","Value":20231220140228},{"Name":"PhoneNumber","Value":254746465349}]}}}}{"Body":{"stkCallback":{"MerchantRequestID":"3221-29477598-1","CheckoutRequestID":"ws_CO_21122023175744393112894569","ResultCode":0,"ResultDesc":"The service request is processed successfully.","CallbackMetadata":{"Item":[{"Name":"Amount","Value":1.00},{"Name":"MpesaReceiptNumber","Value":"RLL6SYP0RW"},{"Name":"Balance"},{"Name":"TransactionDate","Value":20231221175807},{"Name":"PhoneNumber","Value":254112894569}]}}}}{"Body":{"stkCallback":{"MerchantRequestID":"28133-26780770-1","CheckoutRequestID":"ws_CO_22122023141745934746465349","ResultCode":0,"ResultDesc":"The service request is processed successfully.","CallbackMetadata":{"Item":[{"Name":"Amount","Value":1.00},{"Name":"MpesaReceiptNumber","Value":"RLM1VONP49"},{"Name":"Balance"},{"Name":"TransactionDate","Value":20231222141759},{"Name":"PhoneNumber","Value":254746465349}]}}}}{"Body":{"stkCallback":{"MerchantRequestID":"25423-110930959-1","CheckoutRequestID":"ws_CO_22122023141902426746465349","ResultCode":0,"ResultDesc":"The service request is processed successfully.","CallbackMetadata":{"Item":[{"Name":"Amount","Value":1.00},{"Name":"MpesaReceiptNumber","Value":"RLM5VOT50L"},{"Name":"Balance"},{"Name":"TransactionDate","Value":20231222141912},{"Name":"PhoneNumber","Value":254746465349}]}}}}{"Body":{"stkCallback":{"MerchantRequestID":"42580-28565809-1","CheckoutRequestID":"ws_CO_22122023143033795746465349","ResultCode":0,"ResultDesc":"The service request is processed successfully.","CallbackMetadata":{"Item":[{"Name":"Amount","Value":1.00},{"Name":"MpesaReceiptNumber","Value":"RLM4VQ85AY"},{"Name":"Balance"},{"Name":"TransactionDate","Value":20231222143044},{"Name":"PhoneNumber","Value":254746465349}]}}}}{"Body":{"stkCallback":{"MerchantRequestID":"25416-115395288-1","CheckoutRequestID":"ws_CO_24122023233818064700883181","ResultCode":0,"ResultDesc":"The service request is processed successfully.","CallbackMetadata":{"Item":[{"Name":"Amount","Value":5000.00},{"Name":"MpesaReceiptNumber","Value":"RLO15TGB4V"},{"Name":"Balance"},{"Name":"TransactionDate","Value":20231224233828},{"Name":"PhoneNumber","Value":254700883181}]}}}}{"Body":{"stkCallback":{"MerchantRequestID":"28148-31314149-1","CheckoutRequestID":"ws_CO_25122023010110834710439935","ResultCode":1037,"ResultDesc":"DS timeout user cannot be reached"}}}{"Body":{"stkCallback":{"MerchantRequestID":"86104-15265862-1","CheckoutRequestID":"ws_CO_26122023103000288114667042","ResultCode":1037,"ResultDesc":"DS timeout user cannot be reached"}}}{"Body":{"stkCallback":{"MerchantRequestID":"9800-20719172-1","CheckoutRequestID":"ws_CO_28122023203433081793613166","ResultCode":0,"ResultDesc":"The service request is processed successfully.","CallbackMetadata":{"Item":[{"Name":"Amount","Value":1.00},{"Name":"MpesaReceiptNumber","Value":"RLS2H6EACS"},{"Name":"Balance"},{"Name":"TransactionDate","Value":20231228203454},{"Name":"PhoneNumber","Value":254793613166}]}}}}{"Body":{"stkCallback":{"MerchantRequestID":"1c5b-4ba8-815c-ac45c57a3db0539645","CheckoutRequestID":"ws_CO_16052024002611833746465349","ResultCode":2026,"ResultDesc":"The channel session ID has expired."}}}{"Body":{"stkCallback":{"MerchantRequestID":"53e3-4aa8-9fe0-8fb5e4092cdd2455111","CheckoutRequestID":"ws_CO_16052024005111862746465349","ResultCode":1037,"ResultDesc":"DS timeout user cannot be reached"}}}